name,type,direction,description
feat_000,float,,MolE embedding dimension 0 from the pretrained transformer's CLS token
feat_001,float,,MolE embedding dimension 1 from the pretrained transformer's CLS token
feat_002,float,,MolE embedding dimension 2 from the pretrained transformer's CLS token
feat_003,float,,MolE embedding dimension 3 from the pretrained transformer's CLS token
feat_004,float,,MolE embedding dimension 4 from the pretrained transformer's CLS token
feat_005,float,,MolE embedding dimension 5 from the pretrained transformer's CLS token
feat_006,float,,MolE embedding dimension 6 from the pretrained transformer's CLS token
feat_007,float,,MolE embedding dimension 7 from the pretrained transformer's CLS token
feat_008,float,,MolE embedding dimension 8 from the pretrained transformer's CLS token
feat_009,float,,MolE embedding dimension 9 from the pretrained transformer's CLS token
feat_010,float,,MolE embedding dimension 10 from the pretrained transformer's CLS token
feat_011,float,,MolE embedding dimension 11 from the pretrained transformer's CLS token
feat_012,float,,MolE embedding dimension 12 from the pretrained transformer's CLS token
feat_013,float,,MolE embedding dimension 13 from the pretrained transformer's CLS token
feat_014,float,,MolE embedding dimension 14 from the pretrained transformer's CLS token
feat_015,float,,MolE embedding dimension 15 from the pretrained transformer's CLS token
feat_016,float,,MolE embedding dimension 16 from the pretrained transformer's CLS token
feat_017,float,,MolE embedding dimension 17 from the pretrained transformer's CLS token
feat_018,float,,MolE embedding dimension 18 from the pretrained transformer's CLS token
feat_019,float,,MolE embedding dimension 19 from the pretrained transformer's CLS token
feat_020,float,,MolE embedding dimension 20 from the pretrained transformer's CLS token
feat_021,float,,MolE embedding dimension 21 from the pretrained transformer's CLS token
feat_022,float,,MolE embedding dimension 22 from the pretrained transformer's CLS token
feat_023,float,,MolE embedding dimension 23 from the pretrained transformer's CLS token
feat_024,float,,MolE embedding dimension 24 from the pretrained transformer's CLS token
feat_025,float,,MolE embedding dimension 25 from the pretrained transformer's CLS token
feat_026,float,,MolE embedding dimension 26 from the pretrained transformer's CLS token
feat_027,float,,MolE embedding dimension 27 from the pretrained transformer's CLS token
feat_028,float,,MolE embedding dimension 28 from the pretrained transformer's CLS token
feat_029,float,,MolE embedding dimension 29 from the pretrained transformer's CLS token
feat_030,float,,MolE embedding dimension 30 from the pretrained transformer's CLS token
feat_031,float,,MolE embedding dimension 31 from the pretrained transformer's CLS token
feat_032,float,,MolE embedding dimension 32 from the pretrained transformer's CLS token
feat_033,float,,MolE embedding dimension 33 from the pretrained transformer's CLS token
feat_034,float,,MolE embedding dimension 34 from the pretrained transformer's CLS token
feat_035,float,,MolE embedding dimension 35 from the pretrained transformer's CLS token
feat_036,float,,MolE embedding dimension 36 from the pretrained transformer's CLS token
feat_037,float,,MolE embedding dimension 37 from the pretrained transformer's CLS token
feat_038,float,,MolE embedding dimension 38 from the pretrained transformer's CLS token
feat_039,float,,MolE embedding dimension 39 from the pretrained transformer's CLS token
feat_040,float,,MolE embedding dimension 40 from the pretrained transformer's CLS token
feat_041,float,,MolE embedding dimension 41 from the pretrained transformer's CLS token
feat_042,float,,MolE embedding dimension 42 from the pretrained transformer's CLS token
feat_043,float,,MolE embedding dimension 43 from the pretrained transformer's CLS token
feat_044,float,,MolE embedding dimension 44 from the pretrained transformer's CLS token
feat_045,float,,MolE embedding dimension 45 from the pretrained transformer's CLS token
feat_046,float,,MolE embedding dimension 46 from the pretrained transformer's CLS token
feat_047,float,,MolE embedding dimension 47 from the pretrained transformer's CLS token
feat_048,float,,MolE embedding dimension 48 from the pretrained transformer's CLS token
feat_049,float,,MolE embedding dimension 49 from the pretrained transformer's CLS token
feat_050,float,,MolE embedding dimension 50 from the pretrained transformer's CLS token
feat_051,float,,MolE embedding dimension 51 from the pretrained transformer's CLS token
feat_052,float,,MolE embedding dimension 52 from the pretrained transformer's CLS token
feat_053,float,,MolE embedding dimension 53 from the pretrained transformer's CLS token
feat_054,float,,MolE embedding dimension 54 from the pretrained transformer's CLS token
feat_055,float,,MolE embedding dimension 55 from the pretrained transformer's CLS token
feat_056,float,,MolE embedding dimension 56 from the pretrained transformer's CLS token
feat_057,float,,MolE embedding dimension 57 from the pretrained transformer's CLS token
feat_058,float,,MolE embedding dimension 58 from the pretrained transformer's CLS token
feat_059,float,,MolE embedding dimension 59 from the pretrained transformer's CLS token
feat_060,float,,MolE embedding dimension 60 from the pretrained transformer's CLS token
feat_061,float,,MolE embedding dimension 61 from the pretrained transformer's CLS token
feat_062,float,,MolE embedding dimension 62 from the pretrained transformer's CLS token
feat_063,float,,MolE embedding dimension 63 from the pretrained transformer's CLS token
feat_064,float,,MolE embedding dimension 64 from the pretrained transformer's CLS token
feat_065,float,,MolE embedding dimension 65 from the pretrained transformer's CLS token
feat_066,float,,MolE embedding dimension 66 from the pretrained transformer's CLS token
feat_067,float,,MolE embedding dimension 67 from the pretrained transformer's CLS token
feat_068,float,,MolE embedding dimension 68 from the pretrained transformer's CLS token
feat_069,float,,MolE embedding dimension 69 from the pretrained transformer's CLS token
feat_070,float,,MolE embedding dimension 70 from the pretrained transformer's CLS token
feat_071,float,,MolE embedding dimension 71 from the pretrained transformer's CLS token
feat_072,float,,MolE embedding dimension 72 from the pretrained transformer's CLS token
feat_073,float,,MolE embedding dimension 73 from the pretrained transformer's CLS token
feat_074,float,,MolE embedding dimension 74 from the pretrained transformer's CLS token
feat_075,float,,MolE embedding dimension 75 from the pretrained transformer's CLS token
feat_076,float,,MolE embedding dimension 76 from the pretrained transformer's CLS token
feat_077,float,,MolE embedding dimension 77 from the pretrained transformer's CLS token
feat_078,float,,MolE embedding dimension 78 from the pretrained transformer's CLS token
feat_079,float,,MolE embedding dimension 79 from the pretrained transformer's CLS token
feat_080,float,,MolE embedding dimension 80 from the pretrained transformer's CLS token
feat_081,float,,MolE embedding dimension 81 from the pretrained transformer's CLS token
feat_082,float,,MolE embedding dimension 82 from the pretrained transformer's CLS token
feat_083,float,,MolE embedding dimension 83 from the pretrained transformer's CLS token
feat_084,float,,MolE embedding dimension 84 from the pretrained transformer's CLS token
feat_085,float,,MolE embedding dimension 85 from the pretrained transformer's CLS token
feat_086,float,,MolE embedding dimension 86 from the pretrained transformer's CLS token
feat_087,float,,MolE embedding dimension 87 from the pretrained transformer's CLS token
feat_088,float,,MolE embedding dimension 88 from the pretrained transformer's CLS token
feat_089,float,,MolE embedding dimension 89 from the pretrained transformer's CLS token
feat_090,float,,MolE embedding dimension 90 from the pretrained transformer's CLS token
feat_091,float,,MolE embedding dimension 91 from the pretrained transformer's CLS token
feat_092,float,,MolE embedding dimension 92 from the pretrained transformer's CLS token
feat_093,float,,MolE embedding dimension 93 from the pretrained transformer's CLS token
feat_094,float,,MolE embedding dimension 94 from the pretrained transformer's CLS token
feat_095,float,,MolE embedding dimension 95 from the pretrained transformer's CLS token
feat_096,float,,MolE embedding dimension 96 from the pretrained transformer's CLS token
feat_097,float,,MolE embedding dimension 97 from the pretrained transformer's CLS token
feat_098,float,,MolE embedding dimension 98 from the pretrained transformer's CLS token
feat_099,float,,MolE embedding dimension 99 from the pretrained transformer's CLS token
feat_100,float,,MolE embedding dimension 100 from the pretrained transformer's CLS token
feat_101,float,,MolE embedding dimension 101 from the pretrained transformer's CLS token
feat_102,float,,MolE embedding dimension 102 from the pretrained transformer's CLS token
feat_103,float,,MolE embedding dimension 103 from the pretrained transformer's CLS token
feat_104,float,,MolE embedding dimension 104 from the pretrained transformer's CLS token
feat_105,float,,MolE embedding dimension 105 from the pretrained transformer's CLS token
feat_106,float,,MolE embedding dimension 106 from the pretrained transformer's CLS token
feat_107,float,,MolE embedding dimension 107 from the pretrained transformer's CLS token
feat_108,float,,MolE embedding dimension 108 from the pretrained transformer's CLS token
feat_109,float,,MolE embedding dimension 109 from the pretrained transformer's CLS token
feat_110,float,,MolE embedding dimension 110 from the pretrained transformer's CLS token
feat_111,float,,MolE embedding dimension 111 from the pretrained transformer's CLS token
feat_112,float,,MolE embedding dimension 112 from the pretrained transformer's CLS token
feat_113,float,,MolE embedding dimension 113 from the pretrained transformer's CLS token
feat_114,float,,MolE embedding dimension 114 from the pretrained transformer's CLS token
feat_115,float,,MolE embedding dimension 115 from the pretrained transformer's CLS token
feat_116,float,,MolE embedding dimension 116 from the pretrained transformer's CLS token
feat_117,float,,MolE embedding dimension 117 from the pretrained transformer's CLS token
feat_118,float,,MolE embedding dimension 118 from the pretrained transformer's CLS token
feat_119,float,,MolE embedding dimension 119 from the pretrained transformer's CLS token
feat_120,float,,MolE embedding dimension 120 from the pretrained transformer's CLS token
feat_121,float,,MolE embedding dimension 121 from the pretrained transformer's CLS token
feat_122,float,,MolE embedding dimension 122 from the pretrained transformer's CLS token
feat_123,float,,MolE embedding dimension 123 from the pretrained transformer's CLS token
feat_124,float,,MolE embedding dimension 124 from the pretrained transformer's CLS token
feat_125,float,,MolE embedding dimension 125 from the pretrained transformer's CLS token
feat_126,float,,MolE embedding dimension 126 from the pretrained transformer's CLS token
feat_127,float,,MolE embedding dimension 127 from the pretrained transformer's CLS token
feat_128,float,,MolE embedding dimension 128 from the pretrained transformer's CLS token
feat_129,float,,MolE embedding dimension 129 from the pretrained transformer's CLS token
feat_130,float,,MolE embedding dimension 130 from the pretrained transformer's CLS token
feat_131,float,,MolE embedding dimension 131 from the pretrained transformer's CLS token
feat_132,float,,MolE embedding dimension 132 from the pretrained transformer's CLS token
feat_133,float,,MolE embedding dimension 133 from the pretrained transformer's CLS token
feat_134,float,,MolE embedding dimension 134 from the pretrained transformer's CLS token
feat_135,float,,MolE embedding dimension 135 from the pretrained transformer's CLS token
feat_136,float,,MolE embedding dimension 136 from the pretrained transformer's CLS token
feat_137,float,,MolE embedding dimension 137 from the pretrained transformer's CLS token
feat_138,float,,MolE embedding dimension 138 from the pretrained transformer's CLS token
feat_139,float,,MolE embedding dimension 139 from the pretrained transformer's CLS token
feat_140,float,,MolE embedding dimension 140 from the pretrained transformer's CLS token
feat_141,float,,MolE embedding dimension 141 from the pretrained transformer's CLS token
feat_142,float,,MolE embedding dimension 142 from the pretrained transformer's CLS token
feat_143,float,,MolE embedding dimension 143 from the pretrained transformer's CLS token
feat_144,float,,MolE embedding dimension 144 from the pretrained transformer's CLS token
feat_145,float,,MolE embedding dimension 145 from the pretrained transformer's CLS token
feat_146,float,,MolE embedding dimension 146 from the pretrained transformer's CLS token
feat_147,float,,MolE embedding dimension 147 from the pretrained transformer's CLS token
feat_148,float,,MolE embedding dimension 148 from the pretrained transformer's CLS token
feat_149,float,,MolE embedding dimension 149 from the pretrained transformer's CLS token
feat_150,float,,MolE embedding dimension 150 from the pretrained transformer's CLS token
feat_151,float,,MolE embedding dimension 151 from the pretrained transformer's CLS token
feat_152,float,,MolE embedding dimension 152 from the pretrained transformer's CLS token
feat_153,float,,MolE embedding dimension 153 from the pretrained transformer's CLS token
feat_154,float,,MolE embedding dimension 154 from the pretrained transformer's CLS token
feat_155,float,,MolE embedding dimension 155 from the pretrained transformer's CLS token
feat_156,float,,MolE embedding dimension 156 from the pretrained transformer's CLS token
feat_157,float,,MolE embedding dimension 157 from the pretrained transformer's CLS token
feat_158,float,,MolE embedding dimension 158 from the pretrained transformer's CLS token
feat_159,float,,MolE embedding dimension 159 from the pretrained transformer's CLS token
feat_160,float,,MolE embedding dimension 160 from the pretrained transformer's CLS token
feat_161,float,,MolE embedding dimension 161 from the pretrained transformer's CLS token
feat_162,float,,MolE embedding dimension 162 from the pretrained transformer's CLS token
feat_163,float,,MolE embedding dimension 163 from the pretrained transformer's CLS token
feat_164,float,,MolE embedding dimension 164 from the pretrained transformer's CLS token
feat_165,float,,MolE embedding dimension 165 from the pretrained transformer's CLS token
feat_166,float,,MolE embedding dimension 166 from the pretrained transformer's CLS token
feat_167,float,,MolE embedding dimension 167 from the pretrained transformer's CLS token
feat_168,float,,MolE embedding dimension 168 from the pretrained transformer's CLS token
feat_169,float,,MolE embedding dimension 169 from the pretrained transformer's CLS token
feat_170,float,,MolE embedding dimension 170 from the pretrained transformer's CLS token
feat_171,float,,MolE embedding dimension 171 from the pretrained transformer's CLS token
feat_172,float,,MolE embedding dimension 172 from the pretrained transformer's CLS token
feat_173,float,,MolE embedding dimension 173 from the pretrained transformer's CLS token
feat_174,float,,MolE embedding dimension 174 from the pretrained transformer's CLS token
feat_175,float,,MolE embedding dimension 175 from the pretrained transformer's CLS token
feat_176,float,,MolE embedding dimension 176 from the pretrained transformer's CLS token
feat_177,float,,MolE embedding dimension 177 from the pretrained transformer's CLS token
feat_178,float,,MolE embedding dimension 178 from the pretrained transformer's CLS token
feat_179,float,,MolE embedding dimension 179 from the pretrained transformer's CLS token
feat_180,float,,MolE embedding dimension 180 from the pretrained transformer's CLS token
feat_181,float,,MolE embedding dimension 181 from the pretrained transformer's CLS token
feat_182,float,,MolE embedding dimension 182 from the pretrained transformer's CLS token
feat_183,float,,MolE embedding dimension 183 from the pretrained transformer's CLS token
feat_184,float,,MolE embedding dimension 184 from the pretrained transformer's CLS token
feat_185,float,,MolE embedding dimension 185 from the pretrained transformer's CLS token
feat_186,float,,MolE embedding dimension 186 from the pretrained transformer's CLS token
feat_187,float,,MolE embedding dimension 187 from the pretrained transformer's CLS token
feat_188,float,,MolE embedding dimension 188 from the pretrained transformer's CLS token
feat_189,float,,MolE embedding dimension 189 from the pretrained transformer's CLS token
feat_190,float,,MolE embedding dimension 190 from the pretrained transformer's CLS token
feat_191,float,,MolE embedding dimension 191 from the pretrained transformer's CLS token
feat_192,float,,MolE embedding dimension 192 from the pretrained transformer's CLS token
feat_193,float,,MolE embedding dimension 193 from the pretrained transformer's CLS token
feat_194,float,,MolE embedding dimension 194 from the pretrained transformer's CLS token
feat_195,float,,MolE embedding dimension 195 from the pretrained transformer's CLS token
feat_196,float,,MolE embedding dimension 196 from the pretrained transformer's CLS token
feat_197,float,,MolE embedding dimension 197 from the pretrained transformer's CLS token
feat_198,float,,MolE embedding dimension 198 from the pretrained transformer's CLS token
feat_199,float,,MolE embedding dimension 199 from the pretrained transformer's CLS token
feat_200,float,,MolE embedding dimension 200 from the pretrained transformer's CLS token
feat_201,float,,MolE embedding dimension 201 from the pretrained transformer's CLS token
feat_202,float,,MolE embedding dimension 202 from the pretrained transformer's CLS token
feat_203,float,,MolE embedding dimension 203 from the pretrained transformer's CLS token
feat_204,float,,MolE embedding dimension 204 from the pretrained transformer's CLS token
feat_205,float,,MolE embedding dimension 205 from the pretrained transformer's CLS token
feat_206,float,,MolE embedding dimension 206 from the pretrained transformer's CLS token
feat_207,float,,MolE embedding dimension 207 from the pretrained transformer's CLS token
feat_208,float,,MolE embedding dimension 208 from the pretrained transformer's CLS token
feat_209,float,,MolE embedding dimension 209 from the pretrained transformer's CLS token
feat_210,float,,MolE embedding dimension 210 from the pretrained transformer's CLS token
feat_211,float,,MolE embedding dimension 211 from the pretrained transformer's CLS token
feat_212,float,,MolE embedding dimension 212 from the pretrained transformer's CLS token
feat_213,float,,MolE embedding dimension 213 from the pretrained transformer's CLS token
feat_214,float,,MolE embedding dimension 214 from the pretrained transformer's CLS token
feat_215,float,,MolE embedding dimension 215 from the pretrained transformer's CLS token
feat_216,float,,MolE embedding dimension 216 from the pretrained transformer's CLS token
feat_217,float,,MolE embedding dimension 217 from the pretrained transformer's CLS token
feat_218,float,,MolE embedding dimension 218 from the pretrained transformer's CLS token
feat_219,float,,MolE embedding dimension 219 from the pretrained transformer's CLS token
feat_220,float,,MolE embedding dimension 220 from the pretrained transformer's CLS token
feat_221,float,,MolE embedding dimension 221 from the pretrained transformer's CLS token
feat_222,float,,MolE embedding dimension 222 from the pretrained transformer's CLS token
feat_223,float,,MolE embedding dimension 223 from the pretrained transformer's CLS token
feat_224,float,,MolE embedding dimension 224 from the pretrained transformer's CLS token
feat_225,float,,MolE embedding dimension 225 from the pretrained transformer's CLS token
feat_226,float,,MolE embedding dimension 226 from the pretrained transformer's CLS token
feat_227,float,,MolE embedding dimension 227 from the pretrained transformer's CLS token
feat_228,float,,MolE embedding dimension 228 from the pretrained transformer's CLS token
feat_229,float,,MolE embedding dimension 229 from the pretrained transformer's CLS token
feat_230,float,,MolE embedding dimension 230 from the pretrained transformer's CLS token
feat_231,float,,MolE embedding dimension 231 from the pretrained transformer's CLS token
feat_232,float,,MolE embedding dimension 232 from the pretrained transformer's CLS token
feat_233,float,,MolE embedding dimension 233 from the pretrained transformer's CLS token
feat_234,float,,MolE embedding dimension 234 from the pretrained transformer's CLS token
feat_235,float,,MolE embedding dimension 235 from the pretrained transformer's CLS token
feat_236,float,,MolE embedding dimension 236 from the pretrained transformer's CLS token
feat_237,float,,MolE embedding dimension 237 from the pretrained transformer's CLS token
feat_238,float,,MolE embedding dimension 238 from the pretrained transformer's CLS token
feat_239,float,,MolE embedding dimension 239 from the pretrained transformer's CLS token
feat_240,float,,MolE embedding dimension 240 from the pretrained transformer's CLS token
feat_241,float,,MolE embedding dimension 241 from the pretrained transformer's CLS token
feat_242,float,,MolE embedding dimension 242 from the pretrained transformer's CLS token
feat_243,float,,MolE embedding dimension 243 from the pretrained transformer's CLS token
feat_244,float,,MolE embedding dimension 244 from the pretrained transformer's CLS token
feat_245,float,,MolE embedding dimension 245 from the pretrained transformer's CLS token
feat_246,float,,MolE embedding dimension 246 from the pretrained transformer's CLS token
feat_247,float,,MolE embedding dimension 247 from the pretrained transformer's CLS token
feat_248,float,,MolE embedding dimension 248 from the pretrained transformer's CLS token
feat_249,float,,MolE embedding dimension 249 from the pretrained transformer's CLS token
feat_250,float,,MolE embedding dimension 250 from the pretrained transformer's CLS token
feat_251,float,,MolE embedding dimension 251 from the pretrained transformer's CLS token
feat_252,float,,MolE embedding dimension 252 from the pretrained transformer's CLS token
feat_253,float,,MolE embedding dimension 253 from the pretrained transformer's CLS token
feat_254,float,,MolE embedding dimension 254 from the pretrained transformer's CLS token
feat_255,float,,MolE embedding dimension 255 from the pretrained transformer's CLS token
feat_256,float,,MolE embedding dimension 256 from the pretrained transformer's CLS token
feat_257,float,,MolE embedding dimension 257 from the pretrained transformer's CLS token
feat_258,float,,MolE embedding dimension 258 from the pretrained transformer's CLS token
feat_259,float,,MolE embedding dimension 259 from the pretrained transformer's CLS token
feat_260,float,,MolE embedding dimension 260 from the pretrained transformer's CLS token
feat_261,float,,MolE embedding dimension 261 from the pretrained transformer's CLS token
feat_262,float,,MolE embedding dimension 262 from the pretrained transformer's CLS token
feat_263,float,,MolE embedding dimension 263 from the pretrained transformer's CLS token
feat_264,float,,MolE embedding dimension 264 from the pretrained transformer's CLS token
feat_265,float,,MolE embedding dimension 265 from the pretrained transformer's CLS token
feat_266,float,,MolE embedding dimension 266 from the pretrained transformer's CLS token
feat_267,float,,MolE embedding dimension 267 from the pretrained transformer's CLS token
feat_268,float,,MolE embedding dimension 268 from the pretrained transformer's CLS token
feat_269,float,,MolE embedding dimension 269 from the pretrained transformer's CLS token
feat_270,float,,MolE embedding dimension 270 from the pretrained transformer's CLS token
feat_271,float,,MolE embedding dimension 271 from the pretrained transformer's CLS token
feat_272,float,,MolE embedding dimension 272 from the pretrained transformer's CLS token
feat_273,float,,MolE embedding dimension 273 from the pretrained transformer's CLS token
feat_274,float,,MolE embedding dimension 274 from the pretrained transformer's CLS token
feat_275,float,,MolE embedding dimension 275 from the pretrained transformer's CLS token
feat_276,float,,MolE embedding dimension 276 from the pretrained transformer's CLS token
feat_277,float,,MolE embedding dimension 277 from the pretrained transformer's CLS token
feat_278,float,,MolE embedding dimension 278 from the pretrained transformer's CLS token
feat_279,float,,MolE embedding dimension 279 from the pretrained transformer's CLS token
feat_280,float,,MolE embedding dimension 280 from the pretrained transformer's CLS token
feat_281,float,,MolE embedding dimension 281 from the pretrained transformer's CLS token
feat_282,float,,MolE embedding dimension 282 from the pretrained transformer's CLS token
feat_283,float,,MolE embedding dimension 283 from the pretrained transformer's CLS token
feat_284,float,,MolE embedding dimension 284 from the pretrained transformer's CLS token
feat_285,float,,MolE embedding dimension 285 from the pretrained transformer's CLS token
feat_286,float,,MolE embedding dimension 286 from the pretrained transformer's CLS token
feat_287,float,,MolE embedding dimension 287 from the pretrained transformer's CLS token
feat_288,float,,MolE embedding dimension 288 from the pretrained transformer's CLS token
feat_289,float,,MolE embedding dimension 289 from the pretrained transformer's CLS token
feat_290,float,,MolE embedding dimension 290 from the pretrained transformer's CLS token
feat_291,float,,MolE embedding dimension 291 from the pretrained transformer's CLS token
feat_292,float,,MolE embedding dimension 292 from the pretrained transformer's CLS token
feat_293,float,,MolE embedding dimension 293 from the pretrained transformer's CLS token
feat_294,float,,MolE embedding dimension 294 from the pretrained transformer's CLS token
feat_295,float,,MolE embedding dimension 295 from the pretrained transformer's CLS token
feat_296,float,,MolE embedding dimension 296 from the pretrained transformer's CLS token
feat_297,float,,MolE embedding dimension 297 from the pretrained transformer's CLS token
feat_298,float,,MolE embedding dimension 298 from the pretrained transformer's CLS token
feat_299,float,,MolE embedding dimension 299 from the pretrained transformer's CLS token
feat_300,float,,MolE embedding dimension 300 from the pretrained transformer's CLS token
feat_301,float,,MolE embedding dimension 301 from the pretrained transformer's CLS token
feat_302,float,,MolE embedding dimension 302 from the pretrained transformer's CLS token
feat_303,float,,MolE embedding dimension 303 from the pretrained transformer's CLS token
feat_304,float,,MolE embedding dimension 304 from the pretrained transformer's CLS token
feat_305,float,,MolE embedding dimension 305 from the pretrained transformer's CLS token
feat_306,float,,MolE embedding dimension 306 from the pretrained transformer's CLS token
feat_307,float,,MolE embedding dimension 307 from the pretrained transformer's CLS token
feat_308,float,,MolE embedding dimension 308 from the pretrained transformer's CLS token
feat_309,float,,MolE embedding dimension 309 from the pretrained transformer's CLS token
feat_310,float,,MolE embedding dimension 310 from the pretrained transformer's CLS token
feat_311,float,,MolE embedding dimension 311 from the pretrained transformer's CLS token
feat_312,float,,MolE embedding dimension 312 from the pretrained transformer's CLS token
feat_313,float,,MolE embedding dimension 313 from the pretrained transformer's CLS token
feat_314,float,,MolE embedding dimension 314 from the pretrained transformer's CLS token
feat_315,float,,MolE embedding dimension 315 from the pretrained transformer's CLS token
feat_316,float,,MolE embedding dimension 316 from the pretrained transformer's CLS token
feat_317,float,,MolE embedding dimension 317 from the pretrained transformer's CLS token
feat_318,float,,MolE embedding dimension 318 from the pretrained transformer's CLS token
feat_319,float,,MolE embedding dimension 319 from the pretrained transformer's CLS token
feat_320,float,,MolE embedding dimension 320 from the pretrained transformer's CLS token
feat_321,float,,MolE embedding dimension 321 from the pretrained transformer's CLS token
feat_322,float,,MolE embedding dimension 322 from the pretrained transformer's CLS token
feat_323,float,,MolE embedding dimension 323 from the pretrained transformer's CLS token
feat_324,float,,MolE embedding dimension 324 from the pretrained transformer's CLS token
feat_325,float,,MolE embedding dimension 325 from the pretrained transformer's CLS token
feat_326,float,,MolE embedding dimension 326 from the pretrained transformer's CLS token
feat_327,float,,MolE embedding dimension 327 from the pretrained transformer's CLS token
feat_328,float,,MolE embedding dimension 328 from the pretrained transformer's CLS token
feat_329,float,,MolE embedding dimension 329 from the pretrained transformer's CLS token
feat_330,float,,MolE embedding dimension 330 from the pretrained transformer's CLS token
feat_331,float,,MolE embedding dimension 331 from the pretrained transformer's CLS token
feat_332,float,,MolE embedding dimension 332 from the pretrained transformer's CLS token
feat_333,float,,MolE embedding dimension 333 from the pretrained transformer's CLS token
feat_334,float,,MolE embedding dimension 334 from the pretrained transformer's CLS token
feat_335,float,,MolE embedding dimension 335 from the pretrained transformer's CLS token
feat_336,float,,MolE embedding dimension 336 from the pretrained transformer's CLS token
feat_337,float,,MolE embedding dimension 337 from the pretrained transformer's CLS token
feat_338,float,,MolE embedding dimension 338 from the pretrained transformer's CLS token
feat_339,float,,MolE embedding dimension 339 from the pretrained transformer's CLS token
feat_340,float,,MolE embedding dimension 340 from the pretrained transformer's CLS token
feat_341,float,,MolE embedding dimension 341 from the pretrained transformer's CLS token
feat_342,float,,MolE embedding dimension 342 from the pretrained transformer's CLS token
feat_343,float,,MolE embedding dimension 343 from the pretrained transformer's CLS token
feat_344,float,,MolE embedding dimension 344 from the pretrained transformer's CLS token
feat_345,float,,MolE embedding dimension 345 from the pretrained transformer's CLS token
feat_346,float,,MolE embedding dimension 346 from the pretrained transformer's CLS token
feat_347,float,,MolE embedding dimension 347 from the pretrained transformer's CLS token
feat_348,float,,MolE embedding dimension 348 from the pretrained transformer's CLS token
feat_349,float,,MolE embedding dimension 349 from the pretrained transformer's CLS token
feat_350,float,,MolE embedding dimension 350 from the pretrained transformer's CLS token
feat_351,float,,MolE embedding dimension 351 from the pretrained transformer's CLS token
feat_352,float,,MolE embedding dimension 352 from the pretrained transformer's CLS token
feat_353,float,,MolE embedding dimension 353 from the pretrained transformer's CLS token
feat_354,float,,MolE embedding dimension 354 from the pretrained transformer's CLS token
feat_355,float,,MolE embedding dimension 355 from the pretrained transformer's CLS token
feat_356,float,,MolE embedding dimension 356 from the pretrained transformer's CLS token
feat_357,float,,MolE embedding dimension 357 from the pretrained transformer's CLS token
feat_358,float,,MolE embedding dimension 358 from the pretrained transformer's CLS token
feat_359,float,,MolE embedding dimension 359 from the pretrained transformer's CLS token
feat_360,float,,MolE embedding dimension 360 from the pretrained transformer's CLS token
feat_361,float,,MolE embedding dimension 361 from the pretrained transformer's CLS token
feat_362,float,,MolE embedding dimension 362 from the pretrained transformer's CLS token
feat_363,float,,MolE embedding dimension 363 from the pretrained transformer's CLS token
feat_364,float,,MolE embedding dimension 364 from the pretrained transformer's CLS token
feat_365,float,,MolE embedding dimension 365 from the pretrained transformer's CLS token
feat_366,float,,MolE embedding dimension 366 from the pretrained transformer's CLS token
feat_367,float,,MolE embedding dimension 367 from the pretrained transformer's CLS token
feat_368,float,,MolE embedding dimension 368 from the pretrained transformer's CLS token
feat_369,float,,MolE embedding dimension 369 from the pretrained transformer's CLS token
feat_370,float,,MolE embedding dimension 370 from the pretrained transformer's CLS token
feat_371,float,,MolE embedding dimension 371 from the pretrained transformer's CLS token
feat_372,float,,MolE embedding dimension 372 from the pretrained transformer's CLS token
feat_373,float,,MolE embedding dimension 373 from the pretrained transformer's CLS token
feat_374,float,,MolE embedding dimension 374 from the pretrained transformer's CLS token
feat_375,float,,MolE embedding dimension 375 from the pretrained transformer's CLS token
feat_376,float,,MolE embedding dimension 376 from the pretrained transformer's CLS token
feat_377,float,,MolE embedding dimension 377 from the pretrained transformer's CLS token
feat_378,float,,MolE embedding dimension 378 from the pretrained transformer's CLS token
feat_379,float,,MolE embedding dimension 379 from the pretrained transformer's CLS token
feat_380,float,,MolE embedding dimension 380 from the pretrained transformer's CLS token
feat_381,float,,MolE embedding dimension 381 from the pretrained transformer's CLS token
feat_382,float,,MolE embedding dimension 382 from the pretrained transformer's CLS token
feat_383,float,,MolE embedding dimension 383 from the pretrained transformer's CLS token
feat_384,float,,MolE embedding dimension 384 from the pretrained transformer's CLS token
feat_385,float,,MolE embedding dimension 385 from the pretrained transformer's CLS token
feat_386,float,,MolE embedding dimension 386 from the pretrained transformer's CLS token
feat_387,float,,MolE embedding dimension 387 from the pretrained transformer's CLS token
feat_388,float,,MolE embedding dimension 388 from the pretrained transformer's CLS token
feat_389,float,,MolE embedding dimension 389 from the pretrained transformer's CLS token
feat_390,float,,MolE embedding dimension 390 from the pretrained transformer's CLS token
feat_391,float,,MolE embedding dimension 391 from the pretrained transformer's CLS token
feat_392,float,,MolE embedding dimension 392 from the pretrained transformer's CLS token
feat_393,float,,MolE embedding dimension 393 from the pretrained transformer's CLS token
feat_394,float,,MolE embedding dimension 394 from the pretrained transformer's CLS token
feat_395,float,,MolE embedding dimension 395 from the pretrained transformer's CLS token
feat_396,float,,MolE embedding dimension 396 from the pretrained transformer's CLS token
feat_397,float,,MolE embedding dimension 397 from the pretrained transformer's CLS token
feat_398,float,,MolE embedding dimension 398 from the pretrained transformer's CLS token
feat_399,float,,MolE embedding dimension 399 from the pretrained transformer's CLS token
feat_400,float,,MolE embedding dimension 400 from the pretrained transformer's CLS token
feat_401,float,,MolE embedding dimension 401 from the pretrained transformer's CLS token
feat_402,float,,MolE embedding dimension 402 from the pretrained transformer's CLS token
feat_403,float,,MolE embedding dimension 403 from the pretrained transformer's CLS token
feat_404,float,,MolE embedding dimension 404 from the pretrained transformer's CLS token
feat_405,float,,MolE embedding dimension 405 from the pretrained transformer's CLS token
feat_406,float,,MolE embedding dimension 406 from the pretrained transformer's CLS token
feat_407,float,,MolE embedding dimension 407 from the pretrained transformer's CLS token
feat_408,float,,MolE embedding dimension 408 from the pretrained transformer's CLS token
feat_409,float,,MolE embedding dimension 409 from the pretrained transformer's CLS token
feat_410,float,,MolE embedding dimension 410 from the pretrained transformer's CLS token
feat_411,float,,MolE embedding dimension 411 from the pretrained transformer's CLS token
feat_412,float,,MolE embedding dimension 412 from the pretrained transformer's CLS token
feat_413,float,,MolE embedding dimension 413 from the pretrained transformer's CLS token
feat_414,float,,MolE embedding dimension 414 from the pretrained transformer's CLS token
feat_415,float,,MolE embedding dimension 415 from the pretrained transformer's CLS token
feat_416,float,,MolE embedding dimension 416 from the pretrained transformer's CLS token
feat_417,float,,MolE embedding dimension 417 from the pretrained transformer's CLS token
feat_418,float,,MolE embedding dimension 418 from the pretrained transformer's CLS token
feat_419,float,,MolE embedding dimension 419 from the pretrained transformer's CLS token
feat_420,float,,MolE embedding dimension 420 from the pretrained transformer's CLS token
feat_421,float,,MolE embedding dimension 421 from the pretrained transformer's CLS token
feat_422,float,,MolE embedding dimension 422 from the pretrained transformer's CLS token
feat_423,float,,MolE embedding dimension 423 from the pretrained transformer's CLS token
feat_424,float,,MolE embedding dimension 424 from the pretrained transformer's CLS token
feat_425,float,,MolE embedding dimension 425 from the pretrained transformer's CLS token
feat_426,float,,MolE embedding dimension 426 from the pretrained transformer's CLS token
feat_427,float,,MolE embedding dimension 427 from the pretrained transformer's CLS token
feat_428,float,,MolE embedding dimension 428 from the pretrained transformer's CLS token
feat_429,float,,MolE embedding dimension 429 from the pretrained transformer's CLS token
feat_430,float,,MolE embedding dimension 430 from the pretrained transformer's CLS token
feat_431,float,,MolE embedding dimension 431 from the pretrained transformer's CLS token
feat_432,float,,MolE embedding dimension 432 from the pretrained transformer's CLS token
feat_433,float,,MolE embedding dimension 433 from the pretrained transformer's CLS token
feat_434,float,,MolE embedding dimension 434 from the pretrained transformer's CLS token
feat_435,float,,MolE embedding dimension 435 from the pretrained transformer's CLS token
feat_436,float,,MolE embedding dimension 436 from the pretrained transformer's CLS token
feat_437,float,,MolE embedding dimension 437 from the pretrained transformer's CLS token
feat_438,float,,MolE embedding dimension 438 from the pretrained transformer's CLS token
feat_439,float,,MolE embedding dimension 439 from the pretrained transformer's CLS token
feat_440,float,,MolE embedding dimension 440 from the pretrained transformer's CLS token
feat_441,float,,MolE embedding dimension 441 from the pretrained transformer's CLS token
feat_442,float,,MolE embedding dimension 442 from the pretrained transformer's CLS token
feat_443,float,,MolE embedding dimension 443 from the pretrained transformer's CLS token
feat_444,float,,MolE embedding dimension 444 from the pretrained transformer's CLS token
feat_445,float,,MolE embedding dimension 445 from the pretrained transformer's CLS token
feat_446,float,,MolE embedding dimension 446 from the pretrained transformer's CLS token
feat_447,float,,MolE embedding dimension 447 from the pretrained transformer's CLS token
feat_448,float,,MolE embedding dimension 448 from the pretrained transformer's CLS token
feat_449,float,,MolE embedding dimension 449 from the pretrained transformer's CLS token
feat_450,float,,MolE embedding dimension 450 from the pretrained transformer's CLS token
feat_451,float,,MolE embedding dimension 451 from the pretrained transformer's CLS token
feat_452,float,,MolE embedding dimension 452 from the pretrained transformer's CLS token
feat_453,float,,MolE embedding dimension 453 from the pretrained transformer's CLS token
feat_454,float,,MolE embedding dimension 454 from the pretrained transformer's CLS token
feat_455,float,,MolE embedding dimension 455 from the pretrained transformer's CLS token
feat_456,float,,MolE embedding dimension 456 from the pretrained transformer's CLS token
feat_457,float,,MolE embedding dimension 457 from the pretrained transformer's CLS token
feat_458,float,,MolE embedding dimension 458 from the pretrained transformer's CLS token
feat_459,float,,MolE embedding dimension 459 from the pretrained transformer's CLS token
feat_460,float,,MolE embedding dimension 460 from the pretrained transformer's CLS token
feat_461,float,,MolE embedding dimension 461 from the pretrained transformer's CLS token
feat_462,float,,MolE embedding dimension 462 from the pretrained transformer's CLS token
feat_463,float,,MolE embedding dimension 463 from the pretrained transformer's CLS token
feat_464,float,,MolE embedding dimension 464 from the pretrained transformer's CLS token
feat_465,float,,MolE embedding dimension 465 from the pretrained transformer's CLS token
feat_466,float,,MolE embedding dimension 466 from the pretrained transformer's CLS token
feat_467,float,,MolE embedding dimension 467 from the pretrained transformer's CLS token
feat_468,float,,MolE embedding dimension 468 from the pretrained transformer's CLS token
feat_469,float,,MolE embedding dimension 469 from the pretrained transformer's CLS token
feat_470,float,,MolE embedding dimension 470 from the pretrained transformer's CLS token
feat_471,float,,MolE embedding dimension 471 from the pretrained transformer's CLS token
feat_472,float,,MolE embedding dimension 472 from the pretrained transformer's CLS token
feat_473,float,,MolE embedding dimension 473 from the pretrained transformer's CLS token
feat_474,float,,MolE embedding dimension 474 from the pretrained transformer's CLS token
feat_475,float,,MolE embedding dimension 475 from the pretrained transformer's CLS token
feat_476,float,,MolE embedding dimension 476 from the pretrained transformer's CLS token
feat_477,float,,MolE embedding dimension 477 from the pretrained transformer's CLS token
feat_478,float,,MolE embedding dimension 478 from the pretrained transformer's CLS token
feat_479,float,,MolE embedding dimension 479 from the pretrained transformer's CLS token
feat_480,float,,MolE embedding dimension 480 from the pretrained transformer's CLS token
feat_481,float,,MolE embedding dimension 481 from the pretrained transformer's CLS token
feat_482,float,,MolE embedding dimension 482 from the pretrained transformer's CLS token
feat_483,float,,MolE embedding dimension 483 from the pretrained transformer's CLS token
feat_484,float,,MolE embedding dimension 484 from the pretrained transformer's CLS token
feat_485,float,,MolE embedding dimension 485 from the pretrained transformer's CLS token
feat_486,float,,MolE embedding dimension 486 from the pretrained transformer's CLS token
feat_487,float,,MolE embedding dimension 487 from the pretrained transformer's CLS token
feat_488,float,,MolE embedding dimension 488 from the pretrained transformer's CLS token
feat_489,float,,MolE embedding dimension 489 from the pretrained transformer's CLS token
feat_490,float,,MolE embedding dimension 490 from the pretrained transformer's CLS token
feat_491,float,,MolE embedding dimension 491 from the pretrained transformer's CLS token
feat_492,float,,MolE embedding dimension 492 from the pretrained transformer's CLS token
feat_493,float,,MolE embedding dimension 493 from the pretrained transformer's CLS token
feat_494,float,,MolE embedding dimension 494 from the pretrained transformer's CLS token
feat_495,float,,MolE embedding dimension 495 from the pretrained transformer's CLS token
feat_496,float,,MolE embedding dimension 496 from the pretrained transformer's CLS token
feat_497,float,,MolE embedding dimension 497 from the pretrained transformer's CLS token
feat_498,float,,MolE embedding dimension 498 from the pretrained transformer's CLS token
feat_499,float,,MolE embedding dimension 499 from the pretrained transformer's CLS token
feat_500,float,,MolE embedding dimension 500 from the pretrained transformer's CLS token
feat_501,float,,MolE embedding dimension 501 from the pretrained transformer's CLS token
feat_502,float,,MolE embedding dimension 502 from the pretrained transformer's CLS token
feat_503,float,,MolE embedding dimension 503 from the pretrained transformer's CLS token
feat_504,float,,MolE embedding dimension 504 from the pretrained transformer's CLS token
feat_505,float,,MolE embedding dimension 505 from the pretrained transformer's CLS token
feat_506,float,,MolE embedding dimension 506 from the pretrained transformer's CLS token
feat_507,float,,MolE embedding dimension 507 from the pretrained transformer's CLS token
feat_508,float,,MolE embedding dimension 508 from the pretrained transformer's CLS token
feat_509,float,,MolE embedding dimension 509 from the pretrained transformer's CLS token
feat_510,float,,MolE embedding dimension 510 from the pretrained transformer's CLS token
feat_511,float,,MolE embedding dimension 511 from the pretrained transformer's CLS token
feat_512,float,,MolE embedding dimension 512 from the pretrained transformer's CLS token
feat_513,float,,MolE embedding dimension 513 from the pretrained transformer's CLS token
feat_514,float,,MolE embedding dimension 514 from the pretrained transformer's CLS token
feat_515,float,,MolE embedding dimension 515 from the pretrained transformer's CLS token
feat_516,float,,MolE embedding dimension 516 from the pretrained transformer's CLS token
feat_517,float,,MolE embedding dimension 517 from the pretrained transformer's CLS token
feat_518,float,,MolE embedding dimension 518 from the pretrained transformer's CLS token
feat_519,float,,MolE embedding dimension 519 from the pretrained transformer's CLS token
feat_520,float,,MolE embedding dimension 520 from the pretrained transformer's CLS token
feat_521,float,,MolE embedding dimension 521 from the pretrained transformer's CLS token
feat_522,float,,MolE embedding dimension 522 from the pretrained transformer's CLS token
feat_523,float,,MolE embedding dimension 523 from the pretrained transformer's CLS token
feat_524,float,,MolE embedding dimension 524 from the pretrained transformer's CLS token
feat_525,float,,MolE embedding dimension 525 from the pretrained transformer's CLS token
feat_526,float,,MolE embedding dimension 526 from the pretrained transformer's CLS token
feat_527,float,,MolE embedding dimension 527 from the pretrained transformer's CLS token
feat_528,float,,MolE embedding dimension 528 from the pretrained transformer's CLS token
feat_529,float,,MolE embedding dimension 529 from the pretrained transformer's CLS token
feat_530,float,,MolE embedding dimension 530 from the pretrained transformer's CLS token
feat_531,float,,MolE embedding dimension 531 from the pretrained transformer's CLS token
feat_532,float,,MolE embedding dimension 532 from the pretrained transformer's CLS token
feat_533,float,,MolE embedding dimension 533 from the pretrained transformer's CLS token
feat_534,float,,MolE embedding dimension 534 from the pretrained transformer's CLS token
feat_535,float,,MolE embedding dimension 535 from the pretrained transformer's CLS token
feat_536,float,,MolE embedding dimension 536 from the pretrained transformer's CLS token
feat_537,float,,MolE embedding dimension 537 from the pretrained transformer's CLS token
feat_538,float,,MolE embedding dimension 538 from the pretrained transformer's CLS token
feat_539,float,,MolE embedding dimension 539 from the pretrained transformer's CLS token
feat_540,float,,MolE embedding dimension 540 from the pretrained transformer's CLS token
feat_541,float,,MolE embedding dimension 541 from the pretrained transformer's CLS token
feat_542,float,,MolE embedding dimension 542 from the pretrained transformer's CLS token
feat_543,float,,MolE embedding dimension 543 from the pretrained transformer's CLS token
feat_544,float,,MolE embedding dimension 544 from the pretrained transformer's CLS token
feat_545,float,,MolE embedding dimension 545 from the pretrained transformer's CLS token
feat_546,float,,MolE embedding dimension 546 from the pretrained transformer's CLS token
feat_547,float,,MolE embedding dimension 547 from the pretrained transformer's CLS token
feat_548,float,,MolE embedding dimension 548 from the pretrained transformer's CLS token
feat_549,float,,MolE embedding dimension 549 from the pretrained transformer's CLS token
feat_550,float,,MolE embedding dimension 550 from the pretrained transformer's CLS token
feat_551,float,,MolE embedding dimension 551 from the pretrained transformer's CLS token
feat_552,float,,MolE embedding dimension 552 from the pretrained transformer's CLS token
feat_553,float,,MolE embedding dimension 553 from the pretrained transformer's CLS token
feat_554,float,,MolE embedding dimension 554 from the pretrained transformer's CLS token
feat_555,float,,MolE embedding dimension 555 from the pretrained transformer's CLS token
feat_556,float,,MolE embedding dimension 556 from the pretrained transformer's CLS token
feat_557,float,,MolE embedding dimension 557 from the pretrained transformer's CLS token
feat_558,float,,MolE embedding dimension 558 from the pretrained transformer's CLS token
feat_559,float,,MolE embedding dimension 559 from the pretrained transformer's CLS token
feat_560,float,,MolE embedding dimension 560 from the pretrained transformer's CLS token
feat_561,float,,MolE embedding dimension 561 from the pretrained transformer's CLS token
feat_562,float,,MolE embedding dimension 562 from the pretrained transformer's CLS token
feat_563,float,,MolE embedding dimension 563 from the pretrained transformer's CLS token
feat_564,float,,MolE embedding dimension 564 from the pretrained transformer's CLS token
feat_565,float,,MolE embedding dimension 565 from the pretrained transformer's CLS token
feat_566,float,,MolE embedding dimension 566 from the pretrained transformer's CLS token
feat_567,float,,MolE embedding dimension 567 from the pretrained transformer's CLS token
feat_568,float,,MolE embedding dimension 568 from the pretrained transformer's CLS token
feat_569,float,,MolE embedding dimension 569 from the pretrained transformer's CLS token
feat_570,float,,MolE embedding dimension 570 from the pretrained transformer's CLS token
feat_571,float,,MolE embedding dimension 571 from the pretrained transformer's CLS token
feat_572,float,,MolE embedding dimension 572 from the pretrained transformer's CLS token
feat_573,float,,MolE embedding dimension 573 from the pretrained transformer's CLS token
feat_574,float,,MolE embedding dimension 574 from the pretrained transformer's CLS token
feat_575,float,,MolE embedding dimension 575 from the pretrained transformer's CLS token
feat_576,float,,MolE embedding dimension 576 from the pretrained transformer's CLS token
feat_577,float,,MolE embedding dimension 577 from the pretrained transformer's CLS token
feat_578,float,,MolE embedding dimension 578 from the pretrained transformer's CLS token
feat_579,float,,MolE embedding dimension 579 from the pretrained transformer's CLS token
feat_580,float,,MolE embedding dimension 580 from the pretrained transformer's CLS token
feat_581,float,,MolE embedding dimension 581 from the pretrained transformer's CLS token
feat_582,float,,MolE embedding dimension 582 from the pretrained transformer's CLS token
feat_583,float,,MolE embedding dimension 583 from the pretrained transformer's CLS token
feat_584,float,,MolE embedding dimension 584 from the pretrained transformer's CLS token
feat_585,float,,MolE embedding dimension 585 from the pretrained transformer's CLS token
feat_586,float,,MolE embedding dimension 586 from the pretrained transformer's CLS token
feat_587,float,,MolE embedding dimension 587 from the pretrained transformer's CLS token
feat_588,float,,MolE embedding dimension 588 from the pretrained transformer's CLS token
feat_589,float,,MolE embedding dimension 589 from the pretrained transformer's CLS token
feat_590,float,,MolE embedding dimension 590 from the pretrained transformer's CLS token
feat_591,float,,MolE embedding dimension 591 from the pretrained transformer's CLS token
feat_592,float,,MolE embedding dimension 592 from the pretrained transformer's CLS token
feat_593,float,,MolE embedding dimension 593 from the pretrained transformer's CLS token
feat_594,float,,MolE embedding dimension 594 from the pretrained transformer's CLS token
feat_595,float,,MolE embedding dimension 595 from the pretrained transformer's CLS token
feat_596,float,,MolE embedding dimension 596 from the pretrained transformer's CLS token
feat_597,float,,MolE embedding dimension 597 from the pretrained transformer's CLS token
feat_598,float,,MolE embedding dimension 598 from the pretrained transformer's CLS token
feat_599,float,,MolE embedding dimension 599 from the pretrained transformer's CLS token
feat_600,float,,MolE embedding dimension 600 from the pretrained transformer's CLS token
feat_601,float,,MolE embedding dimension 601 from the pretrained transformer's CLS token
feat_602,float,,MolE embedding dimension 602 from the pretrained transformer's CLS token
feat_603,float,,MolE embedding dimension 603 from the pretrained transformer's CLS token
feat_604,float,,MolE embedding dimension 604 from the pretrained transformer's CLS token
feat_605,float,,MolE embedding dimension 605 from the pretrained transformer's CLS token
feat_606,float,,MolE embedding dimension 606 from the pretrained transformer's CLS token
feat_607,float,,MolE embedding dimension 607 from the pretrained transformer's CLS token
feat_608,float,,MolE embedding dimension 608 from the pretrained transformer's CLS token
feat_609,float,,MolE embedding dimension 609 from the pretrained transformer's CLS token
feat_610,float,,MolE embedding dimension 610 from the pretrained transformer's CLS token
feat_611,float,,MolE embedding dimension 611 from the pretrained transformer's CLS token
feat_612,float,,MolE embedding dimension 612 from the pretrained transformer's CLS token
feat_613,float,,MolE embedding dimension 613 from the pretrained transformer's CLS token
feat_614,float,,MolE embedding dimension 614 from the pretrained transformer's CLS token
feat_615,float,,MolE embedding dimension 615 from the pretrained transformer's CLS token
feat_616,float,,MolE embedding dimension 616 from the pretrained transformer's CLS token
feat_617,float,,MolE embedding dimension 617 from the pretrained transformer's CLS token
feat_618,float,,MolE embedding dimension 618 from the pretrained transformer's CLS token
feat_619,float,,MolE embedding dimension 619 from the pretrained transformer's CLS token
feat_620,float,,MolE embedding dimension 620 from the pretrained transformer's CLS token
feat_621,float,,MolE embedding dimension 621 from the pretrained transformer's CLS token
feat_622,float,,MolE embedding dimension 622 from the pretrained transformer's CLS token
feat_623,float,,MolE embedding dimension 623 from the pretrained transformer's CLS token
feat_624,float,,MolE embedding dimension 624 from the pretrained transformer's CLS token
feat_625,float,,MolE embedding dimension 625 from the pretrained transformer's CLS token
feat_626,float,,MolE embedding dimension 626 from the pretrained transformer's CLS token
feat_627,float,,MolE embedding dimension 627 from the pretrained transformer's CLS token
feat_628,float,,MolE embedding dimension 628 from the pretrained transformer's CLS token
feat_629,float,,MolE embedding dimension 629 from the pretrained transformer's CLS token
feat_630,float,,MolE embedding dimension 630 from the pretrained transformer's CLS token
feat_631,float,,MolE embedding dimension 631 from the pretrained transformer's CLS token
feat_632,float,,MolE embedding dimension 632 from the pretrained transformer's CLS token
feat_633,float,,MolE embedding dimension 633 from the pretrained transformer's CLS token
feat_634,float,,MolE embedding dimension 634 from the pretrained transformer's CLS token
feat_635,float,,MolE embedding dimension 635 from the pretrained transformer's CLS token
feat_636,float,,MolE embedding dimension 636 from the pretrained transformer's CLS token
feat_637,float,,MolE embedding dimension 637 from the pretrained transformer's CLS token
feat_638,float,,MolE embedding dimension 638 from the pretrained transformer's CLS token
feat_639,float,,MolE embedding dimension 639 from the pretrained transformer's CLS token
feat_640,float,,MolE embedding dimension 640 from the pretrained transformer's CLS token
feat_641,float,,MolE embedding dimension 641 from the pretrained transformer's CLS token
feat_642,float,,MolE embedding dimension 642 from the pretrained transformer's CLS token
feat_643,float,,MolE embedding dimension 643 from the pretrained transformer's CLS token
feat_644,float,,MolE embedding dimension 644 from the pretrained transformer's CLS token
feat_645,float,,MolE embedding dimension 645 from the pretrained transformer's CLS token
feat_646,float,,MolE embedding dimension 646 from the pretrained transformer's CLS token
feat_647,float,,MolE embedding dimension 647 from the pretrained transformer's CLS token
feat_648,float,,MolE embedding dimension 648 from the pretrained transformer's CLS token
feat_649,float,,MolE embedding dimension 649 from the pretrained transformer's CLS token
feat_650,float,,MolE embedding dimension 650 from the pretrained transformer's CLS token
feat_651,float,,MolE embedding dimension 651 from the pretrained transformer's CLS token
feat_652,float,,MolE embedding dimension 652 from the pretrained transformer's CLS token
feat_653,float,,MolE embedding dimension 653 from the pretrained transformer's CLS token
feat_654,float,,MolE embedding dimension 654 from the pretrained transformer's CLS token
feat_655,float,,MolE embedding dimension 655 from the pretrained transformer's CLS token
feat_656,float,,MolE embedding dimension 656 from the pretrained transformer's CLS token
feat_657,float,,MolE embedding dimension 657 from the pretrained transformer's CLS token
feat_658,float,,MolE embedding dimension 658 from the pretrained transformer's CLS token
feat_659,float,,MolE embedding dimension 659 from the pretrained transformer's CLS token
feat_660,float,,MolE embedding dimension 660 from the pretrained transformer's CLS token
feat_661,float,,MolE embedding dimension 661 from the pretrained transformer's CLS token
feat_662,float,,MolE embedding dimension 662 from the pretrained transformer's CLS token
feat_663,float,,MolE embedding dimension 663 from the pretrained transformer's CLS token
feat_664,float,,MolE embedding dimension 664 from the pretrained transformer's CLS token
feat_665,float,,MolE embedding dimension 665 from the pretrained transformer's CLS token
feat_666,float,,MolE embedding dimension 666 from the pretrained transformer's CLS token
feat_667,float,,MolE embedding dimension 667 from the pretrained transformer's CLS token
feat_668,float,,MolE embedding dimension 668 from the pretrained transformer's CLS token
feat_669,float,,MolE embedding dimension 669 from the pretrained transformer's CLS token
feat_670,float,,MolE embedding dimension 670 from the pretrained transformer's CLS token
feat_671,float,,MolE embedding dimension 671 from the pretrained transformer's CLS token
feat_672,float,,MolE embedding dimension 672 from the pretrained transformer's CLS token
feat_673,float,,MolE embedding dimension 673 from the pretrained transformer's CLS token
feat_674,float,,MolE embedding dimension 674 from the pretrained transformer's CLS token
feat_675,float,,MolE embedding dimension 675 from the pretrained transformer's CLS token
feat_676,float,,MolE embedding dimension 676 from the pretrained transformer's CLS token
feat_677,float,,MolE embedding dimension 677 from the pretrained transformer's CLS token
feat_678,float,,MolE embedding dimension 678 from the pretrained transformer's CLS token
feat_679,float,,MolE embedding dimension 679 from the pretrained transformer's CLS token
feat_680,float,,MolE embedding dimension 680 from the pretrained transformer's CLS token
feat_681,float,,MolE embedding dimension 681 from the pretrained transformer's CLS token
feat_682,float,,MolE embedding dimension 682 from the pretrained transformer's CLS token
feat_683,float,,MolE embedding dimension 683 from the pretrained transformer's CLS token
feat_684,float,,MolE embedding dimension 684 from the pretrained transformer's CLS token
feat_685,float,,MolE embedding dimension 685 from the pretrained transformer's CLS token
feat_686,float,,MolE embedding dimension 686 from the pretrained transformer's CLS token
feat_687,float,,MolE embedding dimension 687 from the pretrained transformer's CLS token
feat_688,float,,MolE embedding dimension 688 from the pretrained transformer's CLS token
feat_689,float,,MolE embedding dimension 689 from the pretrained transformer's CLS token
feat_690,float,,MolE embedding dimension 690 from the pretrained transformer's CLS token
feat_691,float,,MolE embedding dimension 691 from the pretrained transformer's CLS token
feat_692,float,,MolE embedding dimension 692 from the pretrained transformer's CLS token
feat_693,float,,MolE embedding dimension 693 from the pretrained transformer's CLS token
feat_694,float,,MolE embedding dimension 694 from the pretrained transformer's CLS token
feat_695,float,,MolE embedding dimension 695 from the pretrained transformer's CLS token
feat_696,float,,MolE embedding dimension 696 from the pretrained transformer's CLS token
feat_697,float,,MolE embedding dimension 697 from the pretrained transformer's CLS token
feat_698,float,,MolE embedding dimension 698 from the pretrained transformer's CLS token
feat_699,float,,MolE embedding dimension 699 from the pretrained transformer's CLS token
feat_700,float,,MolE embedding dimension 700 from the pretrained transformer's CLS token
feat_701,float,,MolE embedding dimension 701 from the pretrained transformer's CLS token
feat_702,float,,MolE embedding dimension 702 from the pretrained transformer's CLS token
feat_703,float,,MolE embedding dimension 703 from the pretrained transformer's CLS token
feat_704,float,,MolE embedding dimension 704 from the pretrained transformer's CLS token
feat_705,float,,MolE embedding dimension 705 from the pretrained transformer's CLS token
feat_706,float,,MolE embedding dimension 706 from the pretrained transformer's CLS token
feat_707,float,,MolE embedding dimension 707 from the pretrained transformer's CLS token
feat_708,float,,MolE embedding dimension 708 from the pretrained transformer's CLS token
feat_709,float,,MolE embedding dimension 709 from the pretrained transformer's CLS token
feat_710,float,,MolE embedding dimension 710 from the pretrained transformer's CLS token
feat_711,float,,MolE embedding dimension 711 from the pretrained transformer's CLS token
feat_712,float,,MolE embedding dimension 712 from the pretrained transformer's CLS token
feat_713,float,,MolE embedding dimension 713 from the pretrained transformer's CLS token
feat_714,float,,MolE embedding dimension 714 from the pretrained transformer's CLS token
feat_715,float,,MolE embedding dimension 715 from the pretrained transformer's CLS token
feat_716,float,,MolE embedding dimension 716 from the pretrained transformer's CLS token
feat_717,float,,MolE embedding dimension 717 from the pretrained transformer's CLS token
feat_718,float,,MolE embedding dimension 718 from the pretrained transformer's CLS token
feat_719,float,,MolE embedding dimension 719 from the pretrained transformer's CLS token
feat_720,float,,MolE embedding dimension 720 from the pretrained transformer's CLS token
feat_721,float,,MolE embedding dimension 721 from the pretrained transformer's CLS token
feat_722,float,,MolE embedding dimension 722 from the pretrained transformer's CLS token
feat_723,float,,MolE embedding dimension 723 from the pretrained transformer's CLS token
feat_724,float,,MolE embedding dimension 724 from the pretrained transformer's CLS token
feat_725,float,,MolE embedding dimension 725 from the pretrained transformer's CLS token
feat_726,float,,MolE embedding dimension 726 from the pretrained transformer's CLS token
feat_727,float,,MolE embedding dimension 727 from the pretrained transformer's CLS token
feat_728,float,,MolE embedding dimension 728 from the pretrained transformer's CLS token
feat_729,float,,MolE embedding dimension 729 from the pretrained transformer's CLS token
feat_730,float,,MolE embedding dimension 730 from the pretrained transformer's CLS token
feat_731,float,,MolE embedding dimension 731 from the pretrained transformer's CLS token
feat_732,float,,MolE embedding dimension 732 from the pretrained transformer's CLS token
feat_733,float,,MolE embedding dimension 733 from the pretrained transformer's CLS token
feat_734,float,,MolE embedding dimension 734 from the pretrained transformer's CLS token
feat_735,float,,MolE embedding dimension 735 from the pretrained transformer's CLS token
feat_736,float,,MolE embedding dimension 736 from the pretrained transformer's CLS token
feat_737,float,,MolE embedding dimension 737 from the pretrained transformer's CLS token
feat_738,float,,MolE embedding dimension 738 from the pretrained transformer's CLS token
feat_739,float,,MolE embedding dimension 739 from the pretrained transformer's CLS token
feat_740,float,,MolE embedding dimension 740 from the pretrained transformer's CLS token
feat_741,float,,MolE embedding dimension 741 from the pretrained transformer's CLS token
feat_742,float,,MolE embedding dimension 742 from the pretrained transformer's CLS token
feat_743,float,,MolE embedding dimension 743 from the pretrained transformer's CLS token
feat_744,float,,MolE embedding dimension 744 from the pretrained transformer's CLS token
feat_745,float,,MolE embedding dimension 745 from the pretrained transformer's CLS token
feat_746,float,,MolE embedding dimension 746 from the pretrained transformer's CLS token
feat_747,float,,MolE embedding dimension 747 from the pretrained transformer's CLS token
feat_748,float,,MolE embedding dimension 748 from the pretrained transformer's CLS token
feat_749,float,,MolE embedding dimension 749 from the pretrained transformer's CLS token
feat_750,float,,MolE embedding dimension 750 from the pretrained transformer's CLS token
feat_751,float,,MolE embedding dimension 751 from the pretrained transformer's CLS token
feat_752,float,,MolE embedding dimension 752 from the pretrained transformer's CLS token
feat_753,float,,MolE embedding dimension 753 from the pretrained transformer's CLS token
feat_754,float,,MolE embedding dimension 754 from the pretrained transformer's CLS token
feat_755,float,,MolE embedding dimension 755 from the pretrained transformer's CLS token
feat_756,float,,MolE embedding dimension 756 from the pretrained transformer's CLS token
feat_757,float,,MolE embedding dimension 757 from the pretrained transformer's CLS token
feat_758,float,,MolE embedding dimension 758 from the pretrained transformer's CLS token
feat_759,float,,MolE embedding dimension 759 from the pretrained transformer's CLS token
feat_760,float,,MolE embedding dimension 760 from the pretrained transformer's CLS token
feat_761,float,,MolE embedding dimension 761 from the pretrained transformer's CLS token
feat_762,float,,MolE embedding dimension 762 from the pretrained transformer's CLS token
feat_763,float,,MolE embedding dimension 763 from the pretrained transformer's CLS token
feat_764,float,,MolE embedding dimension 764 from the pretrained transformer's CLS token
feat_765,float,,MolE embedding dimension 765 from the pretrained transformer's CLS token
feat_766,float,,MolE embedding dimension 766 from the pretrained transformer's CLS token
feat_767,float,,MolE embedding dimension 767 from the pretrained transformer's CLS token
